energy,intensity
629.00933975839894,-0.00051606881710267009
629.03832587371608,-0.0004873319881281272
629.06731198903333,-0.00045920121939881428
629.09629810435047,-0.00043167164648371873
629.12528421966761,-0.00040473840495149657
629.15427033498486,-0.00037839663037081211
629.183256450302,-0.00035264145831063939
629.21224256561914,-0.00032746802433964085
629.24122868093639,-0.00030287146402648815
629.27021479625353,-0.00027884691294014131
629.29920091157078,-0.00025538950664917885
629.32818702688792,-0.00023249438072255193
629.35717314220506,-0.00021015667072893417
629.38615925752231,-0.00018837151223700859
629.41514537283945,-0.00016713404081571294
629.44413148815659,-0.00014643939203372753
629.47311760347384,-0.00012628270145974177
629.50210371879098,-0.00010665910466268059
629.53108983410812,-8.7563737211230973e-05
629.56007594942537,-6.8991734674088144e-05
629.58906206474251,-5.0938232620164666e-05
629.61804818005965,-3.3398366618153914e-05
629.6470342953769,-1.6367272236757051e-05
629.67602041069404,1.599149551252697e-07
629.70500652601118,1.6188059388793892e-05
629.73399264132843,3.1722025495541691e-05
629.76297875664557,4.6766677706479923e-05
629.7919648719627,6.1326880452903105e-05
629.82095098727996,7.5407498166098913e-05
629.8499371025971,8.9013395277189354e-05
629.87892321791435,0.00010214943621751472
629.90790933323149,0.00011482048541820452
629.93689544854863,0.00012703140731054447
629.96588156386588,0.00013878706632581254
629.99486767918302,0.00015009232689514948
630.02385379450016,0.00016095205344983536
630.05283990981741,0.00017137111042114323
630.08182602513455,0.00018135436224022395
630.11081214045169,0.00019090667333835262
630.13979825576894,0.0002000329081467971
630.16878437108608,0.0002087379310967186
630.19777048640321,0.00021702660661938679
630.22675660172047,0.00022490379914606476
630.25574271703761,0.00023237437310792369
630.28472883235474,0.00023944319293622813
630.313714947672,0.00024611512306223644
630.34270106298914,0.00025239502791712964
630.37168717830639,0.0002582877719321895
630.40067329362353,0.00026379821953860288
630.42965940894067,0.00026893123516762694
630.45864552425792,0.00027369168325051227
630.48763163957506,0.00027808442821845451
630.5166177548922,0.00028211433450270611
630.54560387020945,0.00028578626653451365
630.57458998552659,0.00028910508874508155
630.60357610084372,0.00029207566556565753
630.63256221616098,0.0002947028614274844
630.66154833147812,0.00029699154076177453
630.69053444679525,0.0002989465679997718
630.71952056211251,0.00030057280757271479
630.74850667742965,0.0003018751239118239
630.77749279274678,0.00030285838144833893
630.80647890806404,0.00030352744461349538
630.83546502338118,0.00030388717783852025
630.86445113869831,0.00030394244555465006
630.89343725401557,0.00030369811219311621
630.92242336933271,0.00030315904218515381
630.95140948464996,0.00030233009996199134
630.9803955999671,0.00030121614995486833
631.00938171528423,0.00029982205659501507
631.03836783060149,0.00029815268431365754
631.06735394591863,0.00029621289754204174
631.09634006123576,0.00029400756071139484
631.12532617655302,0.00029154153825293916
631.15431229187016,0.00028881969459792724
631.18329840718729,0.00028584689417758281
631.21228452250455,0.00028262800142312631
631.24127063782169,0.00027916788076581481
631.27025675313882,0.00027547139663687049
631.29924286845608,0.00027154341346750921
631.32822898377322,0.00026738879568899562
631.35721509909035,0.00026301240773254702
631.38620121440761,0.00025841911402937879
631.41518732972474,0.00025361377901075941
631.444173445042,0.00024860126710788408
631.47315956035914,0.00024338644275202537
631.50214567567627,0.00023797417037439684
631.53113179099353,0.0002323693144062093
631.56011790631067,0.00022657673927873928
631.5891040216278,0.00022060130942319855
631.61809013694506,0.00021444788927079553
631.6470762522622,0.00020812134325281096
631.67606236757933,0.00020162653580045478
631.70504848289659,0.000194968331344933
631.73403459821373,0.00018815159431753129
631.76302071353086,0.00018118118914945574
631.79200682884812,0.00017406198027191257
631.82099294416525,0.00016679883211619004
631.84997905948239,0.00015939660911349257
631.87896517479965,0.00015186017569502491
631.90795129011678,0.00014419439629207768
631.93693740543404,0.00013640413533582489
631.96592352075118,0.00012849425725755978
631.99490963606831,0.00012046962648848552
632.02389575138557,0.00011233510745980267
632.05288186670271,0.00010409556460280761
632.08186798201984,9.5755862348702748e-05
632.1108540973371,8.7320865128687192e-05
632.13984021265424,7.8795437374059842e-05
632.16882632797137,7.0184443516021155e-05
632.19781244328863,6.1492747985769528e-05
632.22679855860576,5.2725215214605977e-05
632.2557846739229,4.3886709633730203e-05
632.28477078924016,3.4982095674339868e-05
632.31375690455729,2.6016237767737075e-05
632.34274301987443,1.6994000345120898e-05
632.37172913519169,7.9202478376882708e-06
632.40071525050882,-1.2001553232568354e-06
632.42970136582596,-1.0362344706516755e-05
632.45868748114322,-1.956145588089442e-05
632.48767359646035,-2.8792624415085452e-05
632.51665971177761,-3.8050985877928316e-05
632.54564582709475,-4.733167583811793e-05
632.57463194241188,-5.662982986445774e-05
632.60361805772914,-6.594058352575103e-05
632.63260417304627,-7.5259072390691822e-05
632.66159028836341,-8.4580432028083481e-05
632.69057640368067,-9.389979800673051e-05
632.7195625189978,-0.00010321230589532522
632.74854863431494,-0.00011251309126267267
632.7775347496322,-0.00012179728967757559
632.80652086494933,-0.00013106003670872824
632.83550698026647,-0.00014029646792493463
632.86449309558373,-0.00014950171889499704
632.89347921090086,-0.00015867092518761041
632.922465326218,-0.00016779922237157823
632.95145144153526,-0.00017688174601570319
632.98043755685239,-0.00018591363168868075
633.00942367216953,-0.00019489001495931403
633.03840978748678,-0.00020380603139640453
633.06739590280392,-0.00021265681656864954
633.09638201812118,-0.0002214375060448853
633.12536813343831,-0.00023014323539381006
633.15435424875545,-0.0002387691401842254
633.18334036407271,-0.00024731035598493222
633.21232647938984,-0.00025576201836462962
633.24131259470698,-0.00026411926289211877
633.27029871002424,-0.00027237722513619915
633.29928482534137,-0.00028053104066557284
633.32827094065851,-0.00028857584504903894
633.35725705597577,-0.00029650677385539614
633.3862431712929,-0.00030431896265334851
633.41522928661004,-0.00031200754701169511
633.44421540192729,-0.00031956766249923205
633.47320151724443,-0.0003269944446846675
633.50218763256157,-0.00033428302913679714
633.53117374787882,-0.00034142855142441715
633.56015986319596,-0.00034842614711623812
633.58914597851322,-0.00035527095178108128
633.61813209383035,-0.00036195810098766089
633.64711820914749,-0.00036848273030477081
633.67610432446475,-0.00037483997530120207
633.70509043978188,-0.00038102497154567257
633.73407655509902,-0.00038703285460697399
633.76306267041628,-0.00039285876005389661
633.79204878573341,-0.0003984978234551612
633.82103490105055,-0.00040394518037955868
633.8500210163678,-0.00040919596639587511
633.87900713168494,-0.00041424531707283754
633.90799324700208,-0.00041908836797923321
633.93697936231933,-0.0004237202546838473
633.96596547763647,-0.00042813611275541023
633.99495159295361,-0.00043233107776270805
634.02393770827086,-0.00043630028527452235
634.052923823588,-0.00044003887085958921
634.08190993890526,-0.00044354197008670496
634.11089605422239,-0.00044680471852460968
634.13988216953953,-0.000449822251742084
634.16886828485679,-0.00045258970530790527
634.19785440017392,-0.00045510221479081955
634.22684051549106,-0.00045735491575960398
634.25582663080831,-0.00045934294378303388
634.28481274612545,-0.00046106143442986027
634.31379886144259,-0.00046250552326885901
634.34278497675984,-0.0004636703458688003
634.37177109207698,-0.00046455103779844287
634.40075720739412,-0.00046514273462655825
634.42974332271137,-0.00046544057192191425
634.45872943802851,-0.00046543968525327611
634.48771555334565,-0.00046513521018941154
634.5167016686629,-0.00046452228229908524
634.54568778398004,-0.00046359603715106926
634.57467389929718,-0.00046235161031412807
634.60366001461443,-0.00046078413735702278
634.63264612993157,-0.00045888875384853195
634.66163224524882,-0.00045666059535740856
634.69061836056596,-0.00045409479745243649
634.7196044758831,-0.00045118649570237434
634.74859059120035,-0.00044793082567597716
634.77757670651749,-0.00044432292294203566
634.80656282183463,-0.00044035792306930605
634.83554893715188,-0.00043603096162653731
634.86453505246902,-0.00043133717418253011
634.89352116778616,-0.00042627169630603604
634.92250728310341,-0.00042082966356579883
634.95149339842055,-0.00041500621153062948
634.98047951373769,-0.00040879647576927392
635.00946562905494,-0.00040219559185047178
635.03845174437208,-0.00039519869534304359
635.06743785968922,-0.00038780092181572921
635.09642397500647,-0.00037999740683726567
635.12541009032361,-0.00037178328597648109
635.15439620564086,-0.00036315369480207716
635.183382320958,-0.00035410376888288957
635.21236843627514,-0.0003446286437876517
635.24135455159239,-0.00033472345508509145
635.27034066690953,-0.00032438333834405321
635.29932678222667,-0.00031360342913326579
635.32831289754392,-0.00030237886302145146
635.35729901286106,-0.00029070477557746567
635.3862851281782,-0.000278576302370032
635.41527124349545,-0.00026598857896786713
635.44425735881259,-0.00025293674093983774
635.47324347412973,-0.00023941592385466094
635.50222958944698,-0.00022542126328104861
635.53121570476412,-0.00021094789478787808
635.56020182008126,-0.00019599095394386102
635.58918793539851,-0.00018054557631770433
635.61817405071565,-0.00016460689747829554
635.64716016603279,-0.00014817005299434262
635.67614628135004,-0.00013123017843454424
635.70513239666718,-0.00011378240936780115
635.73411851198443,-9.5821881362743045e-05
635.76310462730157,-7.7343729988277841e-05
635.79209074261871,-5.8343090813103762e-05
635.82107685793596,-3.8815099405909489e-05
635.8500629732531,-1.8754891335615292e-05
635.87904908857024,1.8423978290868937e-06
635.90803520388749,2.2981632519514673e-05
635.93702131920463,4.4667677166734549e-05
635.96600743452177,6.6905396202061743e-05
635.99499354983902,8.9699654056819497e-05
636.02397966515616,0.00011305531516206174
636.0529657804733,0.00013697724394911063
636.08195189579055,0.00016147030484929526
636.11093801110769,0.0001865393622936572
636.13992412642483,0.00021218928071352425
636.16891024174208,0.0002384249245402331
636.19789635705922,0.000265251158204811
636.22688247237647,0.00029267284613870175
636.25586858769361,0.00032069485277292286
636.28485470301075,0.00034932204253881405
636.313840818328,0.00037855927986772306
636.34282693364514,0.00040841142919065525
636.37181304896228,0.00043888335493895555
636.40079916427953,0.00046997992154398081
636.42978527959667,0.00050170599343672077
636.45877139491381,0.00053406643504852729
636.48775751023106,0.00056706611081076635
636.5167436255482,0.00060070988515440967
636.54572974086534,0.00063500262251081955
636.57471585618259,0.00066994918731136757
636.60370197149973,0.00070555444398701268
636.63268808681687,0.00074182325696912194
636.66167420213412,0.00077876049068907713
636.69066031745126,0.0008163710095778192
636.7196464327684,0.00085465967806672583
636.74863254808565,0.00089363136058718423
636.77761866340279,0.00093329092157012124
636.80660477872004,0.00097364322544708109
636.83559089403718,0.0010146931366489798
636.86457700935432,0.0010564455196072084
636.89356312467157,0.001098905238753167
636.92254923998871,0.0011420771585177549
636.95153535530585,0.0011859661433323717
636.9805214706231,0.0012305770576284253
637.00950758594024,0.0012759147658367991
637.03849370125738,0.0013219841323889008
637.06747981657463,0.0013687900217161464
637.09646593189177,0.0014163372982494041
637.12545204720891,0.0014646308264200864
637.15443816252616,0.0015136754706596214
637.1834242778433,0.0015634760953988577
637.21241039316044,0.0016140375650692193
637.24139650847769,0.0016653647441021405
637.27038262379483,0.0017174624969284531
637.29936873911208,0.0017703356879797982
637.32835485442922,0.0018239891816869936
637.35734096974636,0.0018784278424814789
637.38632708506361,0.0019336565347947057
637.41531320038075,0.0019897302543381164
637.44429931569789,0.0020471193719332056
637.47328543101514,0.0021064995647227416
637.50227154633228,0.0021685479668749445
637.53125766164942,0.0022339417125587305
637.56024377696667,0.0023033579359430663
637.58922989228381,0.0023774737711960972
637.61821600760095,0.0024569663524867725
637.6472021229182,0.0025425128139841286
637.67618823823534,0.0026347902898561822
637.70517435355248,0.0027344759142719421
637.73416046886973,0.0028422468214005358
637.76314658418687,0.002958780145409806
637.79213269950401,0.0030847530204688462
637.82111881482126,0.0032208425807468961
637.8501049301384,0.0033677259604115782
637.87909104545565,0.0035260802936327362
637.90807716077279,0.0036965827145778165
637.93706327608993,0.0038799103574161048
637.96604939140718,0.0040767403563170858
637.99503550672432,0.0042877498454479048
638.02402162204146,0.0045136159589779937
638.05300773735871,0.0047550158310770158
638.08199385267585,0.0050126265959117688
638.11097996799299,0.0052871253876518526
638.13996608331024,0.0055791893404671371
638.16895219862738,0.0058894955885240158
638.19793831394452,0.0062187212659922907
638.22692442926177,0.0065675435070420519
638.25591054457891,0.0069366394458392541
638.28489665989605,0.0073266862165539126
638.3138827752133,0.0077385726770619482
638.34286889053044,0.0081757215265429884
638.37185500584769,0.0086432253243755881
638.40084112116483,0.0091462060823801154
638.42982723648197,0.0096897858123823587
638.45881335179922,0.01027908652620874
638.48779946711636,0.010919230235678673
638.5167855824335,0.011615338952618393
638.54577169775075,0.012372534688855016
638.57475781306789,0.013195939456206634
638.60374392838503,0.014090675266500112
638.63273004370228,0.015061864131563437
638.66171615901942,0.016114628063213021
638.69070227433656,0.017254089073276534
638.71968838965381,0.018485369173583018
638.74867450497095,0.019813590375946842
638.77766062028809,0.021243874692196671
638.80664673560534,0.022781344134162773
638.83563285092248,0.024431120713657117
638.86461896623973,0.026198326442516705
638.89360508155687,0.028088083332551715
638.92259119687401,0.030105513395592857
638.95157731219126,0.032255738643472857
638.9805634275084,0.034543881087998864
639.00954954282554,0.036975062741003081
639.03853565814279,0.03955440561431995
639.06752177345993,0.042287031719753246
639.09650788877707,0.045178063069136805
639.12549400409432,0.048232621674306989
639.15448011941146,0.051455829547063847
639.1834662347286,0.054852808699243055
639.21245235004585,0.058428910135653413
639.24143846536299,0.062195101347178934
639.27042458068013,0.06616816771351941
639.29941069599738,0.070365163903553588
639.32839681131452,0.074803144586110384
639.35738292663166,0.079499164430067645
639.38636904194891,0.084470278104307239
639.41535515726605,0.089733540277652013
639.4443412725833,0.095306005619005221
639.47332738790044,0.10120472879718505
639.50231350321758,0.10744676448107447
639.53129961853483,0.11404916733956197
639.56028573385197,0.12102899204145767
639.58927184916911,0.12840329325564842
639.61825796448636,0.13618912565102753
639.6472440798035,0.14440354389639573
639.67623019512064,0.15306360266064453
639.70521631043789,0.1621863566126725
639.73420242575503,0.1717526872785653
639.76318854107217,0.18144796251962778
639.79217465638942,0.19081351889265424
639.82116077170656,0.19954612964239818
639.8501468870237,0.20775339199966389
639.87913300234095,0.21560954149231568
639.90811911765809,0.22328948714631794
639.93710523297523,0.23100046655807935
639.96609134829248,0.238995661581968
639.99507746360962,0.24753070428791957
640.02406357892687,0.25677994142956367
640.05304969424401,0.26678001051364941
640.08203580956115,0.27755421921565743
640.1110219248784,0.28911568107971053
640.14000804019554,0.30126548023760047
640.16899415551268,0.3136044338726463
640.19798027082993,0.32572551993199733
640.22696638614707,0.33722171636265963
640.25595250146421,0.3476860011117841
640.28493861678146,0.35671135212650545
640.3139247320986,0.36389735075393925
640.34291084741574,0.36909930464694429
640.37189696273299,0.37250415263542358
640.40088307805013,0.3743209401419364
640.42986919336727,0.37475871258908461
640.45885530868452,0.37402651539944848
640.48784142400166,0.37233339399561954
640.51682753931891,0.3698875370312068
640.54581365463605,0.36688138803566811
640.57479976995319,0.36349357446329617
640.60378588527044,0.3599022548763442
640.63277200058758,0.35628558783710851
640.66175811590472,0.35282173190784261
640.69074423122197,0.34968884565080272
640.71973034653911,0.34706263700797169
640.74871646185625,0.34503488815856542
640.7777025771735,0.34359450095393879
640.80668869249064,0.34272408636639862
640.83567480780778,0.34240625536823383
640.86466092312503,0.34262361893174187
640.89364703844217,0.34335878802838582
640.92263315375931,0.34458059544629938
640.95161926907656,0.34620340836330948
640.9806053843937,0.34812813744027427
641.00959149971095,0.35025569333807888
641.03857761502809,0.35248698671757778
641.06756373034523,0.35472292823964985
641.09654984566248,0.35686442856517442
641.12553596097962,0.35881239835500561
641.15452207629676,0.36046774827002298
641.18350819161401,0.36173138897110207
641.21249430693115,0.36250675081468431
641.24148042224829,0.36282666092600868
641.27046653756554,0.36291289731317294
641.29945265288268,0.36300220630969648
641.32843876819982,0.36333133424909925
641.35742488351707,0.36413702746490484
641.38641099883421,0.36565603229062688
641.41539711415135,0.3681241887106575
641.4443832294686,0.37161931286956795
641.47336934478574,0.37588209233165998
641.50235546010288,0.38060990027027669
641.53134157542013,0.38550010985876915
641.56032769073727,0.39025009427042939
641.58931380605452,0.39455722667862375
641.61829992137166,0.39815035290749934
641.6472860366888,0.40100061031076423
641.67627215200605,0.40319164271520708
641.70525826732319,0.40480771404536708
641.73424438264033,0.40593308822581026
641.76323049795758,0.40665202918109455
641.79221661327472,0.40704880083577061
641.82120272859186,0.40719918256971593
641.85018884390911,0.40713524367418263
641.87917495922625,0.40687501781263907
641.90816107454339,0.40643653210442959
641.93714718986064,0.40583781366889571
641.96613330517778,0.40509688962538659
641.99511942049492,0.40423178709324437
642.02410553581217,0.40326053319180916
642.05309165112931,0.40220115504043313
642.08207776644656,0.40107167975845226
642.1110638817637,0.39988646789309162
642.14004999708084,0.39862004264215006
642.16903611239809,0.39722248981697039
642.19802222771523,0.39564354114424566
642.22700834303237,0.39383292835065375
642.25599445834962,0.39174038316286791
642.28498057366676,0.389315637307587
642.3139666889839,0.38650843480795916
642.34295280430115,0.38328995540850874
642.37193891961829,0.37969686283654441
642.40092503493543,0.37577828172059058
642.42991115025268,0.37158333668916627
642.45889726556982,0.36716115237084102
642.48788338088696,0.36256085339413463
642.51686949620421,0.35783156438756469
642.54585561152135,0.35302240997970485
642.57484172683849,0.34818251479907264
642.60382784215574,0.34336100347418552
642.63281395747288,0.33860700063361754
642.66180007279013,0.33396963090586801
642.69078618810727,0.32949801891950969
642.71977230342441,0.32524002953421799
642.74875841874166,0.32121269404793318
642.7777445340588,0.31740114070356085
642.80673064937594,0.31378902399848357
642.83571676469319,0.31035999843008727
642.86470288001033,0.30709771849579753
642.89368899532747,0.30398583869299961
642.92267511064472,0.30100801351908085
642.95166122596186,0.29814789747146364
642.980647341279,0.29538914504753472
643.00963345659625,0.29271541074468277
643.03861957191339,0.29011034906032762
643.06760568723053,0.28755761449185763
643.09659180254778,0.28504086153666175
643.12557791786492,0.28254374469215865
643.15456403318217,0.28004991845572735
643.18355014849931,0.27754303732478647
643.21253626381645,0.2750069133358839
643.2415223791337,0.2724343307798161
643.27050849445084,0.26983171169423059
643.29949460976798,0.26720662034213216
643.32848072508523,0.2645666209865255
643.35746684040237,0.26191927789044611
643.38645295571951,0.25927215531689879
643.41543907103676,0.25663281752888806
643.4444251863539,0.25400882878944958
643.47341130167104,0.25140775336158788
643.50239741698829,0.24883715550830812
643.53138353230543,0.2463045994926451
643.56036964762257,0.24381764957760382
643.58935576293982,0.24138387002618975
643.61834187825696,0.23900837962327975
643.64732799357421,0.23668605817060565
643.67631410889135,0.23440910616744365
643.70530022420849,0.23216972410401415
643.73428633952574,0.22996011247053791
643.76327245484288,0.22777247175726165
643.79225857016002,0.22559900245440609
643.82124468547727,0.22343190505219229
643.85023080079441,0.22126338004086651
643.87921691611155,0.21908562791064978
643.9082030314288,0.21689084915176285
643.93718914674594,0.2146712442544525
643.96617526206308,0.21241901370893945
643.99516137738033,0.2101263580054441
644.02414749269747,0.20778714478151961
644.0531336080146,0.20540430345755331
644.08211972333186,0.20298382759781855
644.111105838649,0.20053171317903645
644.14009195396613,0.19805395617789992
644.16907806928339,0.19555655257110113
644.19806418460053,0.19304549833536191
644.22705029991778,0.19052678944736487
644.25603641523492,0.18800642188383179
644.28502253055206,0.18549039162145503
644.31400864586931,0.18298469463692704
644.34299476118645,0.18049532690696957
644.37198087650359,0.17802828440827495
644.40096699182084,0.17558956311753587
644.42995310713798,0.17318462437786508
644.45893922245511,0.17081496016964925
644.48792533777237,0.16848027629125659
644.51691145308951,0.16618026996237559
644.54589756840664,0.1639146384026674
644.5748836837239,0.1616830788317935
644.60386979904104,0.15948528846944166
644.63285591435817,0.15732096453527336
644.66184202967543,0.15518980424895049
644.69082814499257,0.1530915048301601
644.7198142603097,0.151025763498564
644.74880037562696,0.14899227747382451
644.7777864909441,0.14699074397562786
644.80677260626135,0.14502086022362859
644.83575872157849,0.1430823234375124
644.86474483689562,0.14117483083694177
644.89373095221288,0.13929807964157967
644.92271706753002,0.13745176707111104
644.95170318284715,0.13563559034519879
644.98068929816441,0.13384924668350612
645.00967541348155,0.13209243330571738
645.03866152879868,0.13036484743149573
645.06764764411594,0.1286661862805048
645.09663375943308,0.12699614707242823
645.12561987475021,0.1253544270269295
645.15460599006747,0.12374072336367259
645.18359210538461,0.1221547333023405
645.21257822070174,0.12059615406259701
645.241564336019,0.11906468286410647
645.27055045133613,0.11756001692655113
645.29953656665339,0.11608185346958941
645.32852268197053,0.11462988971290321
645.35750879728766,0.11320382287615693
645.38649491260492,0.11180335017901538
645.41548102792206,0.11042816884115975
645.44446714323919,0.10907797608225485
645.47345325855645,0.1077524691219657
645.50243937387359,0.106451345179973
645.53142548919072,0.10517430147594174
645.56041160450798,0.10392103522953731
645.58939771982512,0.10269124366043977
645.61838383514225,0.1014846239883145
645.64736995045951,0.10030087343282708
645.67635606577664,0.099139689213657081
645.70534218109378,0.09800076855047006
645.73432829641104,0.096883808662931933
645.76331441172817,0.095788506770721718
645.79230052704543,0.094714560093501057
645.82128664236257,0.093661665850948692
645.8502727576797,0.092629521262730552
645.87925887299696,0.091617823548513014
645.9082449883141,0.090626269927974276
645.93723110363123,0.089654557620780548
645.96621721894849,0.088702383846598398
645.99520333426563,0.087769445825105583
646.02418944958276,0.086855440775968545
646.05317556490002,0.085960065918854092
646.08216168021715,0.085083018473439478
646.11114779553429,0.084223995659391454
646.14013391085155,0.083382694696376977
646.16912002616868,0.082558812804072887
646.19810614148582,0.081752047202146155
646.22709225680308,0.080962095110263907
646.25607837212021,0.08018865374810269
646.28506448743735,0.079431420335329517
646.31405060275461,0.078690092091611846
646.34303671807174,0.07796436623662574
646.372022833389,0.0772539399900357
646.40100894870614,0.076558510571517635
646.42999506402327,0.07587777520073892
646.45898117934053,0.075211431097367276
646.48796729465766,0.074559175481078141
646.5169534099748,0.073920705571539166
646.54593952529206,0.073295718588418185
646.57492564060919,0.072683911751390301
646.60391175592633,0.072084982280123347
646.63289787124359,0.07149862739428528
646.66188398656072,0.070924544313550969
646.69087010187786,0.070362430257588343
646.71985621719512,0.069811982446065526
646.74884233251225,0.069272898098657054
646.77782844782939,0.06874487443503105
646.80681456314665,0.06822760867485575
646.83580067846378,0.067720798037805452
646.86478679378092,0.067224139743548364
646.89377290909817,0.06673733101175286
646.92275902441531,0.066260069062093002
646.95174513973257,0.065792051114235334
646.9807312550497,0.065332974387853737
647.00971737036684,0.064882536102616642
647.0387034856841,0.064440433478192588
647.06768960100123,0.064006363734255278
647.09667571631837,0.063580024090473253
647.12566183163563,0.063161111766515093
647.15464794695276,0.062749323982054378
647.1836340622699,0.062344357956759688
647.21262017758716,0.061945910910299731
647.24160629290429,0.061553680062347918
647.27059240822143,0.061167362632572872
647.29957852353868,0.060786655840643418
647.32856463885582,0.060411256906232759
647.35755075417296,0.060040863049009692
647.38653686949021,0.059675171488643007
647.41552298480735,0.059313879444805838
647.44450910012461,0.058956684137165608
647.47349521544174,0.058603282785395394
647.50248133075888,0.058253372609164016
647.53146744607614,0.057906650828140387
647.56045356139327,0.057562814661997475
647.58943967671041,0.057221561330404173
647.61842579202767,0.056882588053029433
647.6474119073448,0.056545592049546137
647.67639802266194,0.056210270539623235
647.70538413797919,0.055876320742929628
647.73437025329633,0.055543439879138262
647.76335636861347,0.055211325167918046
647.79234248393072,0.054879673828937901
647.82132859924786,0.054548183081870733
647.850314714565,0.054216550146385496
647.87930082988225,0.053884472242151114
647.90828694519939,0.053551646588840457
647.93727306051665,0.053217857289114365
647.96625917583378,0.052883393480969307
647.99524529115092,0.05254872631339657
648.02423140646818,0.052214327178462222
648.05321752178531,0.051880667468236219
648.08220363710245,0.051548218574784727
648.1111897524197,0.051217451890173751
648.14017586773684,0.050888838806473276
648.16916198305398,0.050562850715749418
648.19814809837123,0.050239959010068259
648.22713421368837,0.049920635081499742
648.25612032900551,0.049605350322109935
648.28510644432276,0.049294576123965067
648.3140925596399,0.048988783879134905
648.34307867495704,0.048688444979685622
648.37206479027429,0.048394030817683446
648.40105090559143,0.048106012785198077
648.43003702090869,0.047824862274294645
648.45902313622582,0.047551050677042718
648.48800925154296,0.047285049385508572
648.51699536686021,0.047027329791758582
648.54598148217735,0.046778363287862175
648.57496759749449,0.04653862126588567
648.60395371281174,0.046308575117895594
648.63293982812888,0.046088696235961103
648.66192594344602,0.045879456012148684
648.69091205876327,0.045681325838524953
648.71989817408041,0.045494777107158824
648.74888428939755,0.045320281210116914
648.7778704047148,0.045158309539465973
648.80685652003194,0.045009333487274643
648.83584263534908,0.044873824445609646
648.86482875066633,0.044752253806537939
648.89381486598347,0.044645092962127819
648.92280098130061,0.044552813304446201
648.95178709661786,0.04447588622556016
648.980773211935,0.044414783117537715
649.00975932725214,0.044369975372445858
649.03874544256939,0.044341934382351941
649.06773155788653,0.044331131539323568
649.09671767320378,0.044338038235428007
649.12570378852092,0.044363125862732597
649.15468990383806,0.044406865813304719
649.18367601915531,0.044469729479212017
649.21266213447245,0.044552188252521399
649.24164824978959,0.044654713525300455
649.27063436510684,0.04477777668961707
649.29962048042398,0.044921849137537662
649.32860659574112,0.045087402261130075
649.35759271105837,0.045274907452462446
649.38657882637551,0.045484836103600684
649.41556494169265,0.045717659606612893
649.4445510570099,0.04597384935356745
649.47353717232704,0.046253876736529767
649.50252328764418,0.046558213147568181
649.53150940296143,0.046887329978751398
649.56049551827857,0.04724169862214421
649.58948163359582,0.047621790469816808
649.61846774891296,0.048028076913833567
649.6474538642301,0.048461029346263319
649.67643997954735,0.04892111915917529
649.70542609486449,0.049408841315078854
649.73441221018163,0.049925992308986908
649.76339832549888,0.05047632374973756
649.79238444081602,0.051063748355816514
649.82137055613316,0.051692178845715857
649.85035667145041,0.052365527937928348
649.87934278676755,0.053087708350938692
649.90832890208469,0.053862632803239496
649.93731501740194,0.054694214013324083
649.96630113271908,0.055586364699675976
649.99528724803622,0.056542997580788311
650.02427336335347,0.057568025375155277
650.05325947867061,0.058665360801258844
650.08224559398786,0.059838916577597628
650.111231709305,0.061092605422652484
650.14021782462214,0.062430340054917807
650.16920393993939,0.063856033192889433
650.19819005525653,0.065373597555046167
650.22717617057367,0.066985716544786203
650.25616228589092,0.068688783709636603
650.28514840120806,0.070477186263452229
650.3141345165252,0.072345310552760042
650.34312063184245,0.074287542924088207
650.37210674715959,0.076298269723941936
650.40109286247673,0.078371877298849146
650.43007897779398,0.080502751995338725
650.45906509311112,0.082685280159914387
650.48805120842826,0.084913848139104853
650.51703732374551,0.087182842279439454
650.54602343906265,0.089486648927420878
650.5750095543799,0.091819654429587574
650.60399566969704,0.094176245132441661
650.63298178501418,0.096551187102187838
650.66196790033143,0.098941333124190428
650.69095401564857,0.10134424902350288
650.71994013096571,0.10375750124232454
650.74892624628296,0.10617865622285497
650.7779123616001,0.10860528040726525
650.80689847691724,0.11103494023775481
650.83588459223449,0.11346520215652334
650.86487070755163,0.11589363260574179
650.89385682286877,0.11831779802760969
650.92284293818602,0.12073526486432659
650.95182905350316,0.12314359955806359
650.9808151688203,0.12554036855102016
651.00980128413755,0.1279231382853957
651.03878739945469,0.13028947520336159
651.06777351477183,0.13263694574711724
651.09675963008908,0.13496311635886171
651.12574574540622,0.13726543961370855
651.15473186072347,0.1395376611611121
651.18371797604061,0.14176909054032585
651.21270409135775,0.1439487761108619
651.241690206675,0.14606576623223175
651.27067632199214,0.14810910926392173
651.29966243730928,0.15006785356544367
651.32864855262653,0.15193104749630787
651.35763466794367,0.15368773941600272
651.38662078326081,0.15532697768403905
651.41560689857806,0.15683781065992575
651.4445930138952,0.15820928670315404
651.47357912921234,0.15943045417323332
651.50256524452959,0.16049120891218591
651.53155135984673,0.16139642684369498
651.56053747516387,0.16216381773978444
651.58952359048112,0.16281150638816133
651.61850970579826,0.16335761757652556
651.6474958211154,0.1638202760925847
651.67648193643265,0.16421760672404517
651.70546805174979,0.16456773425860857
651.73445416706704,0.16488878348398284
651.76344028238418,0.16519887918787032
651.79242639770132,0.16551614615797702
651.82141251301857,0.16585870918200937
651.85039862833571,0.16624469304766953
651.87938474365285,0.16669222254266361
651.9083708589701,0.16721942245469873
651.93735697428724,0.16784441757147567
651.96634308960438,0.16858533268070119
651.99532920492163,0.16946029257008383
652.02431532023877,0.17048614709488075
652.05330143555591,0.17166139394517757
652.08228755087316,0.1729707649388012
652.1112736661903,0.17439865806165503
652.14025978150744,0.17592947129965739
652.16924589682469,0.17754760263872835
652.19823201214183,0.17923745006476863
652.22721812745908,0.18098341156370495
652.25620424277622,0.1827698851214371
652.28519035809336,0.18458126872388531
652.31417647341061,0.18640196035697032
652.34316258872775,0.18821635800659128
652.37214870404489,0.19000885965866884
652.40113481936214,0.19176386329912345
652.43012093467928,0.19346738531943924
652.45910704999642,0.19511234226837706
652.48809316531367,0.19669348930099906
652.51707928063081,0.1982055815889453
652.54606539594795,0.19964337430387463
652.5750515112652,0.20100162261744489
652.60403762658234,0.20227508170129782
652.63302374189948,0.20345850672709156
652.66200985721673,0.20454665286648263
652.69099597253387,0.20553427529111509
652.71998208785112,0.20641612917264923
652.74896820316826,0.20718696968273068
652.7779543184854,0.20784155199301549
652.80694043380265,0.20837463127515821
652.83592654911979,0.2087809627008072
652.86491266443693,0.20905530144161727
652.89389877975418,0.20919240266924127
652.92288489507132,0.20918784326571499
652.95187101038846,0.20904498267702168
652.98085712570571,0.208771471550103
653.00984324102285,0.20837500540959505
653.03882935633999,0.20786327978013108
653.06781547165724,0.20724399018634243
653.09680158697438,0.20652483215286788
653.12578770229152,0.20571350120433932
653.15477381760877,0.20481769286538712
653.18375993292591,0.2038451026606522
653.21274604824305,0.20280342611476529
653.2417321635603,0.20170035875235595
653.27071827887744,0.20054359609806682
653.29970439419469,0.1993408333676992
653.32869050951183,0.19809845156191586
653.35767662482897,0.19681851209444651
653.38666274014622,0.19550219022385953
653.41564885546336,0.19415066120873878
653.4446349707805,0.19276510030765268
653.47362108609775,0.19134668277916925
653.50260720141489,0.18989658388187314
653.53159331673203,0.18841597887433237
653.56057943204928,0.18690604301511463
653.58956554736642,0.18536795156280514
653.61855166268356,0.18380287977597173
653.64753777800081,0.18221200291318171
653.67652389331795,0.18059649623302099
653.70551000863509,0.17895753499405692
653.73449612395234,0.17729629445485665
653.76348223926948,0.17561394987400666
653.79246835458662,0.17391167651007408
653.82145446990387,0.17219064962162567
653.85044058522101,0.17045204446724846
653.87942670053826,0.1686970363055024
653.9084128158554,0.16692680039497484
653.93739893117254,0.16514251199423241
653.96638504648979,0.1633453463618417
653.99537116180693,0.16153647875639029
654.02435727712407,0.15971708443644475
654.05334339244132,0.15788833866057139
654.08232950775846,0.15605141668735822
654.1113156230756,0.15420749377537152
654.14030173839285,0.15235774518317766
654.16928785370999,0.15050334616936473
654.19827396902713,0.14864547200974995
654.22726008434438,0.14678532949943873
654.25624619966152,0.14492422215534556
654.28523231497866,0.14306347198527528
654.31421843029591,0.14120440099703291
654.34320454561305,0.1393483311984452
654.3721906609303,0.13749658459730976
654.40117677624744,0.13565048320145337
654.43016289156458,0.13381134901868105
654.45914900688183,0.13198050405679776
654.48813512219897,0.13015927032363006
654.51712123751611,0.12834896982698302
654.54610735283336,0.12655092457466183
654.5750934681505,0.1247664565744928
654.60407958346764,0.12299688783428099
654.63306569878489,0.12124354036183192
654.66205181410203,0.11950773616497141
654.69103792941917,0.11779079725150483
654.72002404473642,0.11609404562923779
654.74901016005356,0.11441880330599578
654.7779962753707,0.11276639228958434
654.80698239068795,0.11113813458780936
654.83596850600509,0.10953535220849575
654.86495462132234,0.10795936715944328
654.89394073663948,0.10641150144847643
654.92292685195662,0.10489307708340122
654.95191296727387,0.10340541607202408
654.98089908259101,0.1019498404221689
655.00988519790815,0.10052766882641639
655.0388713132254,0.099139688442271376
655.06785742854254,0.097785575267054559
655.09684354385968,0.096464865894789351
655.12582965917693,0.095177096919499826
655.15481577449407,0.093921804935224965
655.18380188981121,0.092698526535988673
655.21278800512846,0.091506798315815333
655.2417741204456,0.090346156868743213
655.27076023576274,0.089216138788796584
655.29974635107999,0.088116280670000172
655.32873246639713,0.087046119106391567
655.35771858171438,0.08600519069199139
655.38670469703152,0.08499303202083669
655.41569081234866,0.084009179686952373
655.44467692766591,0.083053170284363709
655.47366304298305,0.082124540407107163
655.50264915830019,0.081222826649207894
655.53163527361744,0.080347565604691515
655.56062138893458,0.079498293867593828
655.58960750425172,0.078674548031940392
655.61859361956897,0.077875864691757044
655.64757973488611,0.077101780441079029
655.67656585020325,0.076351831873932186
655.7055519655205,0.075625555584342627
655.73453808083764,0.074922488166345058
655.76352419615478,0.074242166213965538
655.79251031147203,0.073584126321230556
655.82149642678917,0.072947905082174164
655.85048254210631,0.072333039090822768
655.87946865742356,0.071739064941203051
655.9084547727407,0.071165519227348636
655.93744088805795,0.070611938543284014
655.96642700337509,0.070077859483042473
655.99541311869223,0.069562818640650795
656.02439923400948,0.069066352610136036
656.05338534932662,0.068587997985531071
656.08237146464376,0.068127291360862888
656.11135757996101,0.06768376933015878
656.14034369527815,0.067256968487451163
656.16932981059529,0.066846425426767261
656.19831592591254,0.066451676742134522
656.22730204122968,0.066072259027585012
656.25628815654682,0.065707708877146137
656.28527427186407,0.065357562884845538
656.31426038718121,0.065021357644714922
656.34324650249835,0.064698629750781861
656.3722326178156,0.064388915797074134
656.40121873313274,0.064091752377623171
656.43020484844988,0.063806676086456668
656.45919096376713,0.063533223517602586
656.48817707908427,0.063270931265092048
656.51716319440152,0.063019335922951933
656.54614930971866,0.062777974085213198
656.5751354250358,0.062546382345903845
656.60412154035305,0.062324097299051945
656.63310765567019,0.062110655538688241
656.66209377098733,0.061905593658840852
656.69107988630458,0.06170844825353794
656.72006600162172,0.061518755916810032
656.74905211693886,0.061336053242685352
656.77803823225611,0.061159876825192153
656.80702434757325,0.060989764173085013
656.83601046289039,0.060825366431688975
656.86499657820764,0.060666557052905384
656.89398269352478,0.060513235256022584
656.92296880884192,0.060365300260327021
656.95195492415917,0.060222651285105254
656.98094103947631,0.060085187549645466
657.00992715479356,0.059952808273233696
657.0389132701107,0.059825412675158091
657.06789938542784,0.059702899974705188
657.09688550074509,0.059585169391161631
657.12587161606223,0.059472120143815463
657.15485773137937,0.059363651451953277
657.18384384669662,0.059259662534861778
657.21282996201376,0.059160052611828891
657.2418160773309,0.059064720902141252
657.27080219264815,0.058973566625085655
657.29978830796529,0.058886488999949874
657.32877442328243,0.058803387246020668
657.35776053859968,0.058724160582584797
657.38674665391682,0.058648708228929994
657.41573276923395,0.058576929404343038
657.44471888455121,0.058508723328110752
657.47370499986835,0.058443989219520751
657.5026911151856,0.058382626297859654
657.53167723050274,0.058324533782415026
657.56066334581988,0.058269610892473699
657.58964946113713,0.05821775684732259
657.61863557645427,0.058168870866249174
657.64762169177141,0.058122852168540351
657.67660780708866,0.058079599973483047
657.7055939224058,0.058039013500364708
657.73458003772294,0.058000991968472235
657.76356615304019,0.057965434597092587
657.79255226835733,0.05793224060551317
657.82153838367446,0.057901309213020891
657.85052449899172,0.057872539638902758
657.87951061430886,0.057845831102446087
657.90849672962599,0.057821082822937853
657.93748284494325,0.057798194019665058
657.96646896026039,0.057777063911914985
657.99545507557752,0.057757591718974634
658.02444119089478,0.057739676660131037
658.05342730621192,0.057723217954671412
658.08241342152917,0.057708114821882733
658.11139953684631,0.05769426648105222
658.14038565216345,0.057681572151466895
658.1693717674807,0.057669931052413803
658.19835788279784,0.057659242403180148
658.22734399811497,0.057649405423052955
658.25633011343223,0.057640319331319287
658.28531622874937,0.057631883347266322
658.3143023440665,0.057623996690181117
658.34328845938376,0.057616558579350732
658.3722745747009,0.057609468234062308
658.40126069001803,0.057602624873602924
658.43024680533529,0.057595927717259646
658.45923292065243,0.057589275984319628
658.48821903596956,0.057582568894069916
658.51720515128682,0.057575720824582073
658.54619126660396,0.057568714648592485
658.57517738192109,0.057561552575576824
658.60416349723835,0.05755423681615858
658.63314961255548,0.057546769580961339
658.66213572787274,0.057539153080608557
658.69112184318988,0.057531389525723814
658.72010795850701,0.057523481126930578
658.74909407382427,0.057515430094852354
658.77808018914141,0.057507238640112708
658.80706630445854,0.057498908973335101
658.8360524197758,0.057490443305143052
658.86503853509294,0.057481843846160154
658.89402465041007,0.057473112807009827
658.92301076572733,0.057464252398315603
658.95199688104447,0.057455264830701049
658.9809829963616,0.05744615231478966
659.00996911167886,0.057436917061204878
659.03895522699599,0.057427561280570326
659.06794134231313,0.057418087183509478
659.09692745763039,0.057408496980645776
659.12591357294752,0.057398792882602877
659.15489968826478,0.057388977100004152
659.18388580358192,0.057379051843473236
659.21287191889905,0.057369019323633592
659.24185803421631,0.057358881751108703
659.27084414953345,0.057348641336522149
659.29983026485058,0.05733830029049742
659.32881638016784,0.05732786082365797
659.35780249548498,0.057317325146627428
659.38678861080211,0.057306695470029229
659.41577472611937,0.057295974004486883
659.4447608414365,0.057285162960623942
659.47374695675364,0.057274264549063925
659.5027330720709,0.057263280980430299
659.53171918738803,0.057252214465346646
659.56070530270517,0.057241067214436454
659.58969141802243,0.05722984143832318
659.61867753333956,0.057218539347630423
659.64766364865682,0.05720716315298164
659.67664976397396,0.057195715065000409
659.70563587929109,0.057184197294310186
659.73462199460835,0.057172612051534476
659.76360810992549,0.057160961547296871
659.79259422524262,0.05714924799222084
659.82158034055988,0.057137473596929847
659.85056645587701,0.057125640572047498
659.87955257119415,0.057113751128197283
659.90853868651141,0.057101807476002651
659.93752480182854,0.05708981182608721
659.96651091714568,0.057077766389074434
659.99549703246294,0.057065673375587794
660.02448314778007,0.057053534996250883
660.05346926309721,0.057041353461687191
660.08245537841447,0.057029130982520167
660.1114414937316,0.057016869769373438
660.14042760904874,0.057004572032870453
660.169413724366,0.056992239983634702
660.19839983968313,0.056979875832289785
660.22738595500039,0.056967481789459096
660.25637207031752,0.056955060065766283
660.28535818563466,0.056942612871834795
660.31434430095192,0.056930142418288109
660.34333041626905,0.05691765091574983
660.37231653158619,0.056905140574843437
660.40130264690345,0.056892613606192362
660.43028876222058,0.056880072220420255
660.45927487753772,0.056867518628150551
660.48826099285498,0.05685495504000676
660.51724710817211,0.056842383666612442
660.54623322348925,0.0568298067185911
660.57521933880651,0.056817226406566182
660.60420545412364,0.05680464494116131
660.63319156944078,0.056792064532999939
660.66217768475803,0.056779487392705573
660.69116380007517,0.056766915730901757
660.72014991539231,0.056754351758212029
660.74913603070956,0.056741797685259804
660.7781221460267,0.056729255722668723
660.80710826134396,0.056716728081062193
660.83609437666109,0.056704216971063814
660.86508049197823,0.056691724603297071
660.89406660729549,0.056679253188385417
660.92305272261262,0.056666804936952482
660.95203883792976,0.056654382059621727
660.98102495324702,0.056641986767016594
661.01001106856415,0.056629621269760733
661.03899718388129,0.056617287778477569
661.06798329919854,0.056604988503790622
661.09696941451568,0.056592725656323464
661.12595552983282,0.056580501446699565
661.15494164515007,0.056568318085542406
661.18392776046721,0.056556177783475603
661.21291387578435,0.056544082751122583
661.2418999911016,0.056532035199106843
661.27088610641874,0.056520037338051998
661.299872221736,0.056508091378581468
661.32885833705313,0.056496199531318854
661.35784445237027,0.056484364006887618
661.38683056768753,0.056472587015911256
661.41581668300466,0.056460870769013329
661.4448027983218,0.056449217476817339
661.47378891363905,0.056437629349946769
661.50277502895619,0.056426108599025179
661.53176114427333,0.056414657434676087
661.56074725959058,0.056403278067522933
661.58973337490772,0.056391972708189325
661.61871949022486,0.05638074356729874
661.64770560554211,0.056369592855474639
661.67669172085925,0.056358522783340657
661.70567783617639,0.05634753556152023
661.73466395149364,0.056336633400636833
661.76365006681078,0.056325818511314074
661.79263618212804,0.056315093104175401
661.82162229744517,0.05630445938984438
661.85060841276231,0.056293919578944508
661.87959452807956,0.056283475882099247
661.9085806433967,0.056273130509932198
661.93756675871384,0.056262885673066851
661.96655287403109,0.056252743582126646
661.99553898934823,0.056242706447735206
662.02452510466537,0.056232776480515993
662.05351121998262,0.056222955891092503
662.08249733529976,0.056213246890088303
662.1114834506169,0.056203651688126875
662.14046956593415,0.05619417249583171
662.16945568125129,0.056184811523826386
662.19844179656843,0.056175570982734381
662.22742791188568,0.056166453083179163
662.25641402720282,0.056157460035784361
662.28540014252007,0.056148594051173388
662.31438625783721,0.056139857339969811
662.34337237315435,0.056131252112797146
662.3723584884716,0.056122780580278864
662.40134460378874,0.056114444953038529
662.43033071910588,0.05610624744169964
662.45931683442313,0.056098190256885672
662.48830294974027,0.056090275609220232
662.51728906505741,0.056082505709326755
662.54627518037466,0.056074882767828751
662.5752612956918,0.056067408995349816
662.60424741100894,0.056060086602513395
662.63323352632619,0.056052917799942995
662.66221964164333,0.056045904798262186
662.69120575696047,0.056039049808094453
662.72019187227772,0.056032355040063292
662.74917798759486,0.056025822704792262
662.778164102912,0.05601945501290486
662.80715021822925,0.056013254175024563
662.83613633354639,0.056007222401774949
662.86512244886353,0.056001361903779495
662.89410856418078,0.055995674891661712
662.92309467949792,0.055990163576045159
662.95208079481517,0.055984830167553283
662.98106691013231,0.055979676876809652
663.01005302544945,0.055974705914437775
663.0390391407667,0.055969919491061122
663.06802525608384,0.055965319817303273
663.09701137140098,0.055960909103787711
663.12599748671823,0.055956689561137925
663.15498360203537,0.055952663399977495
663.18396971735251,0.055948832830929884
663.21295583266976,0.055945200064618616
663.2419419479869,0.055941767311667216
663.27092806330404,0.055938536782699187
663.29991417862129,0.055935510688338061
663.32890029393843,0.055932691239207341
663.35788640925557,0.055930080645930552
663.38687252457282,0.055927681119131177
663.41585863988996,0.055925494869432796
663.44484475520721,0.05592352410745885
663.47383087052435,0.055921771043832898
663.50281698584149,0.055920237889178465
663.53180310115874,0.055918926854119005
663.56078921647588,0.0559178401492781
663.58977533179302,0.055916979985279246
663.61876144711027,0.055916348572745946
663.64774756242741,0.05591594812230171
663.67673367774455,0.055915780844570072
663.7057197930618,0.055915848950174526
663.73470590837894,0.05591615464973862
663.76369202369608,0.055916700153885834
663.79267813901333,0.055917487673239709
663.82166425433047,0.055918519418423754
663.85065036964761,0.055919797600061452
663.87963648496486,0.055921324428776356
663.908622600282,0.055923102115191969
663.93760871559925,0.055925132869931816
663.96659483091639,0.055927418903619387
663.99558094623353,0.055929962426878213
664.02456706155078,0.055932765650331839
664.05355317686792,0.055935830784603728
664.08253929218506,0.055939160040317411
664.11152540750231,0.055942755628096426
664.14051152281945,0.055946619758564263
664.16949763813659,0.05595075464234444
664.19848375345384,0.055955162490060495
664.22746986877098,0.055959845512335897
664.25645598408812,0.055964805919794192
664.28544209940537,0.055970045923058931
664.31442821472251,0.055975567732753556
664.34341433003965,0.05598137355950162
664.3724004453569,0.055987465613926646
664.40138656067404,0.055993846106652111
664.43037267599129,0.056000517248301601
664.45935879130843,0.056007481249498559
664.48834490662557,0.056014740320866514
664.51733102194282,0.056022296673029034
664.54631713725996,0.05603015251660956
664.5753032525771,0.05603831006223163
664.60428936789435,0.056046771520518839
664.63327548321149,0.056055539102094563
664.66226159852863,0.056064615017582413
664.69124771384588,0.056074001477605891
664.72023382916302,0.056083700692788473
664.74921994448016,0.056093714873753704
664.77820605979741,0.056104046231125144
664.80719217511455,0.0561146969755262
664.83617829043169,0.056125669317580465
664.86516440574894,0.056136965467911477
664.89415052106608,0.056148587637142651
664.92313663638333,0.056160538035897621
664.95212275170047,0.056172818874799788
664.98110886701761,0.056185432364472716
665.01009498233475,0.056198380715539953
665.039081097652,0.056211666138625008
665.06806721296914,0.056225290844351336
665.09705332828639,0.056239257043342539
665.12603944360353,0.056253566946222036
665.15502555892067,0.056268222763613387
665.18401167423792,0.056283226706140159
665.21299778955506,0.056298580984425757
665.2419839048722,0.056314287809093776
665.27097002018945,0.056330349390767739
665.29995613550659,0.05634676794007111
665.32894225082373,0.056363545667627413
665.35792836614098,0.056380684784060234
665.38691448145812,0.05639818749999298
665.41590059677526,0.056416056026049224
665.44488671209251,0.056434292572852526
665.47387282740965,0.056452899351026278
665.50285894272679,0.056471878571194074
665.53184505804404,0.056491232443979501
665.56083117336118,0.056510963180005917
665.58981728867843,0.056531072989896992
665.61880340399557,0.056551564084276071
665.64778951931271,0.056572438673766788
665.67677563462996,0.056593698968992703
665.7057617499471,0.056615347180577175
665.73474786526424,0.056637385519143817
665.76373398058149,0.056659816195316202
665.79272009589863,0.056682641419717697
665.82170621121577,0.056705863402971887
665.85069232653302,0.056729484355702395
665.87967844185016,0.056753506488532529
665.9086645571673,0.056777932012085919
665.93765067248455,0.056802763136986165
665.96663678780169,0.056828002073856604
665.99562290311883,0.056853651033320823
666.02460901843608,0.056879712226002452
666.05359513375322,0.056906187862524805
666.08258124907047,0.056933080153511603
666.11156736438761,0.056960391309586147
666.14055347970475,0.056988123541372053
666.169539595022,0.057016279059492955
666.19852571033914,0.057044860074572136
666.22751182565628,0.057073868797233251
666.25649794097353,0.057103307438099896
666.28548405629067,0.057133178207795357
666.31447017160781,0.057163483316943306
666.34345628692506,0.057194224976167329
666.3724424022422,0.057225405396090716
666.40142851755934,0.057257026787337115
666.43041463287659,0.057289091360530148
666.45940074819373,0.057321601326293103
666.48838686351087,0.057354558895249583
666.51737297882812,0.057387966278023277
666.54635909414526,0.057421825685237404
666.57534520946251,0.057456139327515782
666.60433132477965,0.057490909415481614
666.63331744009679,0.057526138159758579
666.66230355541404,0.057561827770970311
666.69128967073118,0.057597980459740072
666.72027578604832,0.057634598436691498
666.74926190136557,0.057671683912448243
666.77824801668271,0.05770923909763355
666.80723413199985,0.057747266202871059
666.8362202473171,0.057785767438784455
666.86520636263424,0.057824745015996951
666.89419247795138,0.057864201145132202
666.92317859326863,0.057904138036813872
666.95216470858577,0.057944557901665181
666.98115082390291,0.057985462950309798
667.01013693922016,0.058026855393371393
667.0391230545373,0.058068737441473166
667.06810916985455,0.058111111305238952
667.09709528517169,0.05815397919529193
667.12608140048883,0.058197343322255783
667.15506751580608,0.058241205896754217
667.18405363112322,0.058285569129410374
667.21303974644036,0.058330435230847966
667.24202586175761,0.058375806411690677
667.27101197707475,0.05842168488256165
667.29999809239189,0.058468072854084598
667.32898420770914,0.058514972536883231
667.35797032302628,0.058562386141580658
667.38695643834342,0.058610315878800598
667.41594255366067,0.058658763959166763
667.44492866897781,0.058707732593302288
667.47391478429495,0.058757223991830879
667.5029008996122,0.05880724036537624
667.53188701492934,0.05885778392456148
667.56087313024648,0.058908856880010331
667.58985924556373,0.058960461442346498
667.61884536088087,0.059012599822193118
667.64783147619801,0.059065274230173867
667.67681759151526,0.059118486876912485
667.7058037068324,0.059172239973032094
667.73478982214965,0.059226535729156593
667.76377593746679,0.059281376355909104
667.79276205278393,0.059336764063913333
667.82174816810118,0.059392701063793019
667.85073428341832,0.059449189566171248
667.87972039873546,0.059506231781671755
667.90870651405271,0.05956382992091825
667.93769262936985,0.059621986194533835
667.96667874468699,0.059680702813142236
667.99566486000424,0.059739981987367186
668.02465097532138,0.059799825927831764
668.05363709063852,0.059860236845159689
668.08262320595577,0.05992121694997473
668.11160932127291,0.059982768452899939
668.14059543659005,0.06004489356455904
668.1695815519073,0.060107594495575817
668.19856766722444,0.060170873456573279
668.22755378254169,0.060234732658175444
668.25653989785883,0.060299174311005316
668.28552601317597,0.060364200625686662
668.31451212849322,0.060429813812843278
668.34349824381036,0.060496016083098153
668.3724843591275,0.060562809647075035
668.40147047444475,0.060630196715397738
668.43045658976189,0.06069817949868922
668.45944270507903,0.060766760207573281
668.48842882039628,0.060835941052673689
668.51741493571342,0.060905724244613442
668.54640105103056,0.060976111994016313
668.57538716634781,0.061047106511506063
668.60437328166495,0.061118710007705711
668.63335939698209,0.061190924693239002
668.66234551229934,0.061263752778729766
668.69133162761648,0.061337196474800945
668.72031774293373,0.061411257992076612
668.74930385825087,0.061485939541179709
668.77828997356801,0.061561243332734036
668.80727608888526,0.061637171577363405
668.8362622042024,0.061713726485690769
668.86524831951954,0.061790910268339903
668.89423443483679,0.061868725135934617
668.92322055015393,0.061947173299097866
668.95220666547107,0.062026256968453437
668.98119278078832,0.062105978354625155
669.01017889610546,0.062186339668235932
669.0391650114226,0.062267343119909571
669.06815112673985,0.062348990920269902
669.09713724205699,0.062431285279939838
669.12612335737413,0.062514228409543168
669.15510947269138,0.062597822519703791
669.18409558800852,0.062682069821044517
669.21308170332577,0.062766972524189515
669.24206781864291,0.062852532839761679
669.27105393396005,0.062938752978384832
669.3000400492773,0.063025635150682838
669.32902616459444,0.06311318156727852
669.35801227991158,0.063201394438795744
669.38699839522883,0.063290275975858359
669.41598451054597,0.063379828389089218
669.44497062586311,0.063470053889112144
669.47395674118036,0.063560954686550999
669.5029428564975,0.063652532992028651
669.53192897181464,0.063744791016168909
669.56091508713189,0.063837730969595663
669.58990120244903,0.063931355062931738
669.61888731776617,0.064025665506800972
669.64787343308342,0.064120664511827269
669.67685954840056,0.064216354288633384
669.7058456637177,0.064312737047843238
669.73483177903495,0.064409815000080695
669.76381789435209,0.064507590355968508
669.79280400966923,0.064606065326130613
669.82179012498648,0.064705242121190845
669.85077624030362,0.064805122951771987
669.87976235562087,0.064905710028498348
669.90874847093801,0.065007005561992653
669.93773458625515,0.065109011762878768
669.9667207015724,0.065211730841780668
669.99570681688954,0.065315165009321011
